{
  "generator-jhipster": {
    "applicationType": "monolith",
    "authenticationType": "jwt",
    "baseName": "RockApp",
    "blueprints": [],
    "buildTool": "maven",
    "cacheProvider": "ehcache",
    "clientFramework": "angularX",
    "clientPackageManager": "npm",
    "clientTheme": "none",
    "clientThemeVariant": "",
    "creationTimestamp": 1679822520888,
    "databaseType": "sql",
    "devDatabaseType": "h2Disk",
    "devServerPort": 4200,
    "dtoSuffix": "DTO",
    "enableGradleEnterprise": false,
    "enableHibernateCache": true,
    "enableSwaggerCodegen": "true",
    "enableTranslation": true,
    "entitySuffix": "",
    "gitCompany": "",
    "jhiPrefix": "jhi",
    "jhipsterVersion": "7.9.3",
    "jwtSecretKey": "YTcxM2RkNTI5ZDA1YWExZTcxZTdlZDEzY2FhYmU2MTI1Nzg3MjNhNDg0Yjk4YmI1YjY1YTQ5Y2JlMjdlNmU2MWU5MDI5MGRjM2U5ZmI0OTg2OTFkZWIyYmUzNjdkZGI0NGM3NzgxOGZkNWU5YWNiNjM3NmUzNzU1OTM3MTRlYTM=",
    "languages": ["en", "fr", "de", "it", "es"],
    "messageBroker": false,
    "nativeLanguage": "en",
    "otherModules": [],
    "packageFolder": "it/rock/rockapp",
    "packageName": "it.rock.rockapp",
    "pages": [],
    "prodDatabaseType": "mysql",
    "reactive": false,
    "searchEngine": false,
    "serverPort": 8080,
    "serviceDiscoveryType": "eureka",
    "skipCheckLengthOfIdentifier": false,
    "skipClient": false,
    "skipFakeData": false,
    "skipUserManagement": false,
    "testFrameworks": ["cucumber"],
    "useSass": true,
    "websocket": false,
    "withAdminUi": true
  }
}
